Workbook

Sheet Datos_Usuario
A1: SIMULADOR DE PRÉSTAMOS – EL SALVADOR
A2: Monto del préstamo ($) | B2: 10000
A3: Plazo (meses) | B3: 36
A4: Ingreso mensual ($) | B4: 800
A5: % máximo recomendado de cuota | B5: 0.3
A6: Cuota máxima recomendada ($) | B6: =B3*B4 -> 28800

Sheet Bancos
A1: Banco | B1: Tasa Anual (%) | C1: Comisión Apertura (%) | D1: Seguro Mensual (%)
A2: Banco Agrícola | B2: 15.5 | C2: 2 | D2: 0.4
A3: BAC Credomatic | B3: 17 | C3: 1.5 | D3: 0.5
A4: Banco Cuscatlán | B4: 16 | C4: 1 | D4: 0.45
A5: Davivienda | B5: 16.5 | C5: 1.2 | D5: 0.5
A6: Banco Hipotecario | B6: 14.5 | C6: 1 | D6: 0.35
A7: Banco Azul | B7: 18 | C7: 1.3 | D7: 0.55

Sheet Simulación
A1: Banco | B1: Cuota Base | C1: Seguro Mensual | D1: Cuota Total | E1: Comisión | F1: Costo Total | G1: Evaluación
A2: =Bancos!A2 -> Banco Agrícola | B2: =-_xlfn.SINGLE(PMT(Bancos!B2/100/12,Datos_Usuario!B3,Datos_Usuario!B2)) -> 349.10681 | C2: =Datos_Usuario!B2*Bancos!D2/100 -> 40 | D2: =B2+C2 -> 389.10681 | E2: =Datos_Usuario!B2*Bancos!C2/100 -> 200 | F2: =(D2*Datos_Usuario!B3)+E2 -> 14207.845
A3: =Bancos!A3 -> BAC Credomatic | B3: =-_xlfn.SINGLE(PMT(Bancos!B3/100/12,Datos_Usuario!B4,Datos_Usuario!B3)) -> 0.51000661 | C3: =Datos_Usuario!B2*Bancos!D3/100 -> 50 | D3: =B3+C3 -> 50.510007 | E3: =Datos_Usuario!B2*Bancos!C3/100 -> 150 | F3: =(D3*Datos_Usuario!B3)+E3 -> 1968.3602
A4: =Bancos!A4 -> Banco Cuscatlán | B4: =-_xlfn.SINGLE(PMT(Bancos!B4/100/12,Datos_Usuario!B5,Datos_Usuario!B4)) -> 2689.7421 | C4: =Datos_Usuario!B2*Bancos!D4/100 -> 45 | D4: =B4+C4 -> 2734.7421 | E4: =Datos_Usuario!B2*Bancos!C4/100 -> 100 | F4: =(D4*Datos_Usuario!B3)+E4 -> 98550.714
A5: =Bancos!A5 -> Davivienda | B5: =-_xlfn.SINGLE(PMT(Bancos!B5/100/12,Datos_Usuario!B6,Datos_Usuario!B5)) -> 0.004125 | C5: =Datos_Usuario!B2*Bancos!D5/100 -> 50 | D5: =B5+C5 -> 50.004125 | E5: =Datos_Usuario!B2*Bancos!C5/100 -> 120 | F5: =(D5*Datos_Usuario!B3)+E5 -> 1920.1485
A6: =Bancos!A6 -> Banco Hipotecario | B6: =-_xlfn.SINGLE(PMT(Bancos!B6/100/12,Datos_Usuario!B7,Datos_Usuario!B6)) -> #NUM! | C6: =Datos_Usuario!B2*Bancos!D6/100 -> 35 | D6: =B6+C6 -> #NUM! | E6: =Datos_Usuario!B2*Bancos!C6/100 -> 100 | F6: =(D6*Datos_Usuario!B3)+E6 -> #NUM!
A7: =Bancos!A7 -> Banco Azul | B7: =-_xlfn.SINGLE(PMT(Bancos!B7/100/12,Datos_Usuario!B8,Datos_Usuario!B7)) -> #NUM! | C7: =Datos_Usuario!B2*Bancos!D7/100 -> 55 | D7: =B7+C7 -> #NUM! | E7: =Datos_Usuario!B2*Bancos!C7/100 -> 130 | F7: =(D7*Datos_Usuario!B3)+E7 -> #NUM!
